-- insert IGNOREion dans la table Participants

INSERT IGNORE INTO Participants (Id_Participant, Nom, Prenom, Date_De_Naissance, Nationnalite) values (1, 'Dupont', 'Jean',STR_TO_DATE('15/05/1985', '%d/%m/%Y'), 'Française');
INSERT IGNORE INTO Participants (Id_Participant, Nom, Prenom, Date_De_Naissance, Nationnalite) VALUES (2, 'Martin', 'Marie',STR_TO_DATE('10/03/1990', '%d/%m/%Y'), 'Allemande');
INSERT IGNORE INTO Participants (Id_Participant, Nom, Prenom, Date_De_Naissance, Nationnalite) VALUES (3, 'Dubois', 'Pierre',STR_TO_DATE('25/07/1982', '%d/%m/%Y'), 'Espagnole');
INSERT IGNORE INTO Participants (Id_Participant, Nom, Prenom, Date_De_Naissance, Nationnalite) VALUES (4, 'Lefevre', 'Sophie',STR_TO_DATE('03/11/1978', '%d/%m/%Y'), 'Américaine');
INSERT IGNORE INTO Participants (Id_Participant, Nom, Prenom, Date_De_Naissance, Nationnalite) VALUES (5, 'Moreau', 'Luc',STR_TO_DATE('20/09/1995', '%d/%m/%Y'), 'Italienne');
INSERT IGNORE INTO Participants (Id_Participant, Nom, Prenom, Date_De_Naissance, Nationnalite) VALUES (6, 'Roux', 'Camille',STR_TO_DATE('14/02/1987', '%d/%m/%Y'), 'Canadienne');
INSERT IGNORE INTO Participants (Id_Participant, Nom, Prenom, Date_De_Naissance, Nationnalite) VALUES (7, 'Garcia', 'Thomas',STR_TO_DATE('07/12/1980', '%d/%m/%Y'), 'Japonaise');
INSERT IGNORE INTO Participants (Id_Participant, Nom, Prenom, Date_De_Naissance, Nationnalite) VALUES (8, 'Martinez', 'Charlotte',STR_TO_DATE('19/06/1992', '%d/%m/%Y'), 'Russe');
INSERT IGNORE INTO Participants (Id_Participant, Nom, Prenom, Date_De_Naissance, Nationnalite) VALUES (9, 'Hernandez', 'Antoine',STR_TO_DATE('28/04/1984', '%d/%m/%Y'), 'Chinoise');
INSERT IGNORE INTO Participants (Id_Participant, Nom, Prenom, Date_De_Naissance, Nationnalite) VALUES (10, 'Lopez', 'Julie',STR_TO_DATE('05/10/1976', '%d/%m/%Y'), 'Brésilienne');
INSERT IGNORE INTO Participants (Id_Participant, Nom, Prenom, Date_De_Naissance, Nationnalite) VALUES (11, 'Gonzalez', 'Nicolas',STR_TO_DATE('23/08/1989', '%d/%m/%Y'), 'Mexicaine');
INSERT IGNORE INTO Participants (Id_Participant, Nom, Prenom, Date_De_Naissance, Nationnalite) VALUES (12, 'Perez', 'Manon',STR_TO_DATE('09/01/1981', '%d/%m/%Y'), 'Australienne');
INSERT IGNORE INTO Participants (Id_Participant, Nom, Prenom, Date_De_Naissance, Nationnalite) VALUES (13, 'Sanchez', 'Alexandre',STR_TO_DATE('17/06/1993', '%d/%m/%Y'), 'Indienne');
INSERT IGNORE INTO Participants (Id_Participant, Nom, Prenom, Date_De_Naissance, Nationnalite) VALUES (14, 'Martin', 'Laura',STR_TO_DATE('30/05/1979', '%d/%m/%Y'), 'Anglaise');
INSERT IGNORE INTO Participants (Id_Participant, Nom, Prenom, Date_De_Naissance, Nationnalite) VALUES (15, 'Dubois', 'Mathilde',STR_TO_DATE('12/09/1996', '%d/%m/%Y'), 'Portugaise');
INSERT IGNORE INTO Participants (Id_Participant, Nom, Prenom, Date_De_Naissance, Nationnalite) VALUES (16, 'Lefevre', 'David',STR_TO_DATE('24/07/1983', '%d/%m/%Y'), 'Suisse');
INSERT IGNORE INTO Participants (Id_Participant, Nom, Prenom, Date_De_Naissance, Nationnalite) VALUES (17, 'Moreau', 'Emma',STR_TO_DATE('08/03/1977', '%d/%m/%Y'), 'Néerlandaise');
INSERT IGNORE INTO Participants (Id_Participant, Nom, Prenom, Date_De_Naissance, Nationnalite) VALUES (18, 'Roux', 'Hugo',STR_TO_DATE('02/11/1994', '%d/%m/%Y'), 'Belge');
INSERT IGNORE INTO Participants (Id_Participant, Nom, Prenom, Date_De_Naissance, Nationnalite) VALUES (19, 'Garcia', 'Sarah',STR_TO_DATE('15/06/1988', '%d/%m/%Y'), 'Suédoise');
INSERT IGNORE INTO Participants (Id_Participant, Nom, Prenom, Date_De_Naissance, Nationnalite) VALUES (20, 'Martinez', 'Maxime',STR_TO_DATE('21/04/1980', '%d/%m/%Y'), 'Norvégienne');
INSERT IGNORE INTO Participants (Id_Participant, Nom, Prenom, Date_De_Naissance, Nationnalite) VALUES (21, 'Hernandez', 'Eva',STR_TO_DATE('04/10/1991', '%d/%m/%Y'), 'Danoise');
INSERT IGNORE INTO Participants (Id_Participant, Nom, Prenom, Date_De_Naissance, Nationnalite) VALUES (22, 'Lopez', 'Louis',STR_TO_DATE('18/12/1975', '%d/%m/%Y'), 'Finlandaise');
INSERT IGNORE INTO Participants (Id_Participant, Nom, Prenom, Date_De_Naissance, Nationnalite) VALUES (23, 'Gonzalez', 'Chloé',STR_TO_DATE('26/08/1986', '%d/%m/%Y'), 'Allemande');
INSERT IGNORE INTO Participants (Id_Participant, Nom, Prenom, Date_De_Naissance, Nationnalite) VALUES (24, 'Dupont', 'Marcel',STR_TO_DATE('14/07/1982', '%d/%m/%Y'), 'Italienne');
INSERT IGNORE INTO Participants (Id_Participant, Nom, Prenom, Date_De_Naissance, Nationnalite) VALUES (25, 'Tremblay', 'Sophie',STR_TO_DATE('02/11/1990', '%d/%m/%Y'), 'Espagnole');
INSERT IGNORE INTO Participants (Id_Participant, Nom, Prenom, Date_De_Naissance, Nationnalite) VALUES (26, 'Leblanc', 'Pierre',STR_TO_DATE('17/03/1985', '%d/%m/%Y'), 'Américaine');
INSERT IGNORE INTO Participants (Id_Participant, Nom, Prenom, Date_De_Naissance, Nationnalite) VALUES (27, 'Bouchard', 'Isabelle',STR_TO_DATE('28/09/1978', '%d/%m/%Y'), 'Japonaise');
INSERT IGNORE INTO Participants (Id_Participant, Nom, Prenom, Date_De_Naissance, Nationnalite) VALUES (28, 'Gagnon', 'Alexandre',STR_TO_DATE('05/05/1993', '%d/%m/%Y'), 'Russe');
INSERT IGNORE INTO Participants (Id_Participant, Nom, Prenom, Date_De_Naissance, Nationnalite) VALUES (29, 'Roy', 'Audrey',STR_TO_DATE('19/12/1980', '%d/%m/%Y'), 'Chinoise');
INSERT IGNORE INTO Participants (Id_Participant, Nom, Prenom, Date_De_Naissance, Nationnalite) VALUES (30, 'Pelletier', 'David',STR_TO_DATE('22/06/1977', '%d/%m/%Y'), 'Brésilienne');
INSERT IGNORE INTO Participants (Id_Participant, Nom, Prenom, Date_De_Naissance, Nationnalite) VALUES (31, 'Caron', 'Marie-Pierre',STR_TO_DATE('15/10/1994', '%d/%m/%Y'), 'Mexicaine');
INSERT IGNORE INTO Participants (Id_Participant, Nom, Prenom, Date_De_Naissance, Nationnalite) VALUES (32, 'Gauthier', 'Jean-François',STR_TO_DATE('07/04/1981', '%d/%m/%Y'), 'Australienne');
INSERT IGNORE INTO Participants (Id_Participant, Nom, Prenom, Date_De_Naissance, Nationnalite) VALUES (33, 'Morin', 'Émilie',STR_TO_DATE('30/11/1996', '%d/%m/%Y'), 'Indienne');
INSERT IGNORE INTO Participants (Id_Participant, Nom, Prenom, Date_De_Naissance, Nationnalite) VALUES (34, 'Lavoie', 'Mathieu',STR_TO_DATE('03/08/1983', '%d/%m/%Y'), 'Anglaise');
INSERT IGNORE INTO Participants (Id_Participant, Nom, Prenom, Date_De_Naissance, Nationnalite) VALUES (35, 'Fortin', 'Sophie',STR_TO_DATE('18/02/1979', '%d/%m/%Y'), 'Portugaise');
INSERT IGNORE INTO Participants (Id_Participant, Nom, Prenom, Date_De_Naissance, Nationnalite) VALUES (36, 'Bélanger', 'Philippe',STR_TO_DATE('09/05/1992', '%d/%m/%Y'), 'Suisse');
INSERT IGNORE INTO Participants (Id_Participant, Nom, Prenom, Date_De_Naissance, Nationnalite) VALUES (37, 'Levesque', 'Catherine',STR_TO_DATE('14/01/1976', '%d/%m/%Y'), 'Néerlandaise');
INSERT IGNORE INTO Participants (Id_Participant, Nom, Prenom, Date_De_Naissance, Nationnalite) VALUES (38, 'Bergeron', 'Sylvain',STR_TO_DATE('27/07/1990', '%d/%m/%Y'), 'Belge');
INSERT IGNORE INTO Participants (Id_Participant, Nom, Prenom, Date_De_Naissance, Nationnalite) VALUES (39, 'Girard', 'Émilie',STR_TO_DATE('10/04/1985', '%d/%m/%Y'), 'Suédoise');
INSERT IGNORE INTO Participants (Id_Participant, Nom, Prenom, Date_De_Naissance, Nationnalite) VALUES (40, 'Roy', 'David',STR_TO_DATE('23/09/1978', '%d/%m/%Y'), 'Norvégienne');
INSERT IGNORE INTO Participants (Id_Participant, Nom, Prenom, Date_De_Naissance, Nationnalite) VALUES (41, 'Pelletier', 'Valérie',STR_TO_DATE('11/03/1993', '%d/%m/%Y'), 'Danoise');
INSERT IGNORE INTO Participants (Id_Participant, Nom, Prenom, Date_De_Naissance, Nationnalite) VALUES (42, 'Caron', 'François',STR_TO_DATE('16/08/1980', '%d/%m/%Y'), 'Finlandaise');
INSERT IGNORE INTO Participants (Id_Participant, Nom, Prenom, Date_De_Naissance, Nationnalite) VALUES (43, 'Gagnon', 'Isabelle',STR_TO_DATE('29/02/1996', '%d/%m/%Y'), 'Allemande');
INSERT IGNORE INTO Participants (Id_Participant, Nom, Prenom, Date_De_Naissance, Nationnalite) VALUES (44, 'Leblanc', 'Patrick',STR_TO_DATE('05/07/1983', '%d/%m/%Y'), 'Italienne');
INSERT IGNORE INTO Participants (Id_Participant, Nom, Prenom, Date_De_Naissance, Nationnalite) VALUES (45, 'Fortin', 'Karine',STR_TO_DATE('20/11/1977', '%d/%m/%Y'), 'Espagnole');
INSERT IGNORE INTO Participants (Id_Participant, Nom, Prenom, Date_De_Naissance, Nationnalite) VALUES (46, 'Bergeron', 'Mathieu',STR_TO_DATE('03/05/1992', '%d/%m/%Y'), 'Américaine'); 
INSERT IGNORE INTO Participants (Id_Participant, Nom, Prenom, Date_De_Naissance, Nationnalite) VALUES (47, 'irard', 'Sophie',STR_TO_DATE('16/09/1985', '%d/%m/%Y'), 'Japonaise');
INSERT IGNORE INTO Participants (Id_Participant, Nom, Prenom, Date_De_Naissance, Nationnalite) VALUES (48, 'Lavoie', 'Jonathan',STR_TO_DATE('21/02/1979', '%d/%m/%Y'), 'Russe');
INSERT IGNORE INTO Participants (Id_Participant, Nom, Prenom, Date_De_Naissance, Nationnalite) VALUES (49, 'Morin', 'Élizabeth',STR_TO_DATE('04/06/1994', '%d/%m/%Y'), 'Chilienne');
INSERT IGNORE INTO Participants (Id_Participant, Nom, Prenom, Date_De_Naissance, Nationnalite) VALUES (50, 'Levesque', 'Maxime',STR_TO_DATE('12/10/1981', '%d/%m/%Y'), 'Nigériane');
INSERT IGNORE INTO Participants (Id_Participant, Nom, Prenom, Date_De_Naissance, Nationnalite) VALUES (51, 'Bélanger', 'Stéphanie',STR_TO_DATE('25/04/1996', '%d/%m/%Y'), 'Argentine');
INSERT IGNORE INTO Participants (Id_Participant, Nom, Prenom, Date_De_Naissance, Nationnalite) VALUES (52, 'Gauthier', 'Patrick',STR_TO_DATE('08/08/1983', '%d/%m/%Y'), 'Sud-Africaine');
INSERT IGNORE INTO Participants (Id_Participant, Nom, Prenom, Date_De_Naissance, Nationnalite) VALUES (53, 'Roy', 'Marie-Ève',STR_TO_DATE('11/01/1977', '%d/%m/%Y'), 'Indonésienne');
INSERT IGNORE INTO Participants (Id_Participant, Nom, Prenom, Date_De_Naissance, Nationnalite) VALUES (54, 'Fortin', 'Marc',STR_TO_DATE('18/05/1992', '%d/%m/%Y'), 'Néo-zélandaise');
INSERT IGNORE INTO Participants (Id_Participant, Nom, Prenom, Date_De_Naissance, Nationnalite) VALUES (55, 'Pelletier', 'Caroline',STR_TO_DATE('23/09/1985', '%d/%m/%Y'), 'Turque');
INSERT IGNORE INTO Participants (Id_Participant, Nom, Prenom, Date_De_Naissance, Nationnalite) VALUES (56, 'Caron', 'Louis',STR_TO_DATE('02/02/1979', '%d/%m/%Y'), 'Vénézuélienne');
INSERT IGNORE INTO Participants (Id_Participant, Nom, Prenom, Date_De_Naissance, Nationnalite) VALUES (57, 'Gagnon', 'Valérie',STR_TO_DATE('29/06/1994', '%d/%m/%Y'), 'Polonaise');
INSERT IGNORE INTO Participants (Id_Participant, Nom, Prenom, Date_De_Naissance, Nationnalite) VALUES (58, 'Bergeron', 'Francis',STR_TO_DATE('13/11/1981', '%d/%m/%Y'), 'Suissesse');
INSERT IGNORE INTO Participants (Id_Participant, Nom, Prenom, Date_De_Naissance, Nationnalite) VALUES (59, 'Leblanc', 'Marie',STR_TO_DATE('20/03/1976', '%d/%m/%Y'), 'Canadienne');
INSERT IGNORE INTO Participants (Id_Participant, Nom, Prenom, Date_De_Naissance, Nationnalite) VALUES (60, 'Girard', 'Éric',STR_TO_DATE('25/08/1990', '%d/%m/%Y'), 'Grecque');
INSERT IGNORE INTO Participants (Id_Participant, Nom, Prenom, Date_De_Naissance, Nationnalite) VALUES (61, 'Lavoie', 'Nathalie',STR_TO_DATE('31/12/1985', '%d/%m/%Y'), 'Irlandaise');
INSERT IGNORE INTO Participants (Id_Participant, Nom, Prenom, Date_De_Naissance, Nationnalite) VALUES (62, 'Morin', 'Marc',STR_TO_DATE('04/05/1979', '%d/%m/%Y'), 'Thaïlandaise');
INSERT IGNORE INTO Participants (Id_Participant, Nom, Prenom, Date_De_Naissance, Nationnalite) VALUES (63, 'Levesque', 'Isabelle',STR_TO_DATE('10/09/1994', '%d/%m/%Y'), 'Philippine');
INSERT IGNORE INTO Participants (Id_Participant, Nom, Prenom, Date_De_Naissance, Nationnalite) VALUES (64, 'Bélanger', 'Sébastien',STR_TO_DATE('15/01/1980', '%d/%m/%Y'), 'Malaisienne');
INSERT IGNORE INTO Participants (Id_Participant, Nom, Prenom, Date_De_Naissance, Nationnalite) VALUES (65, 'Gauthier', 'Sophie',STR_TO_DATE('22/06/1974', '%d/%m/%Y'), 'Égyptienne');
INSERT IGNORE INTO Participants (Id_Participant, Nom, Prenom, Date_De_Naissance, Nationnalite) VALUES (66, 'Roy', 'Michel',STR_TO_DATE('29/10/1989', '%d/%m/%Y'), 'Sri-Lankaise');
INSERT IGNORE INTO Participants (Id_Participant, Nom, Prenom, Date_De_Naissance, Nationnalite) VALUES (67, 'Fortin', 'Catherine',STR_TO_DATE('03/04/1983', '%d/%m/%Y'), 'Hongroise');
INSERT IGNORE INTO Participants (Id_Participant, Nom, Prenom, Date_De_Naissance, Nationnalite) VALUES (68, 'Pelletier', 'Sylvain',STR_TO_DATE('09/09/1977', '%d/%m/%Y'), 'Népalaise');
INSERT IGNORE INTO Participants (Id_Participant, Nom, Prenom, Date_De_Naissance, Nationnalite) VALUES (69, 'Caron', 'Marie-Claude',STR_TO_DATE('14/02/1992', '%d/%m/%Y'), 'Croate');
INSERT IGNORE INTO Participants (Id_Participant, Nom, Prenom, Date_De_Naissance, Nationnalite) VALUES (70, 'Gagnon', 'Jonathan',STR_TO_DATE('20/05/1978', '%d/%m/%Y'), 'Slovène');
INSERT IGNORE INTO Participants (Id_Participant, Nom, Prenom, Date_De_Naissance, Nationnalite) VALUES (71, 'Bergeron', 'Isabelle',STR_TO_DATE('01/09/1993', '%d/%m/%Y'), 'Slovaque');
INSERT IGNORE INTO Participants (Id_Participant, Nom, Prenom, Date_De_Naissance, Nationnalite) VALUES (72, 'Leblanc', 'Éric',STR_TO_DATE('10/12/1980', '%d/%m/%Y'), 'Serbe');
INSERT IGNORE INTO Participants (Id_Participant, Nom, Prenom, Date_De_Naissance, Nationnalite) VALUES (73, 'Girard', 'Karine',STR_TO_DATE('13/03/1975', '%d/%m/%Y'), 'Singapourienne');
INSERT IGNORE INTO Participants (Id_Participant, Nom, Prenom, Date_De_Naissance, Nationnalite) VALUES (74, 'Lavoie', 'Philippe',STR_TO_DATE('22/08/1990', '%d/%m/%Y'), 'Coréenne');
INSERT IGNORE INTO Participants (Id_Participant, Nom, Prenom, Date_De_Naissance, Nationnalite) VALUES (75, 'Morin', 'Marie-Josée',STR_TO_DATE('05/02/1985', '%d/%m/%Y'), 'Slovaque');
INSERT IGNORE INTO Participants (Id_Participant, Nom, Prenom, Date_De_Naissance, Nationnalite) VALUES (76, 'Levesque', 'Marc',STR_TO_DATE('17/06/1979', '%d/%m/%Y'), 'Slovène');
INSERT IGNORE INTO Participants (Id_Participant, Nom, Prenom, Date_De_Naissance, Nationnalite) VALUES (77, 'Bélanger', 'Marie-Pierre',STR_TO_DATE('20/11/1994', '%d/%m/%Y'), 'Suisse');
INSERT IGNORE INTO Participants (Id_Participant, Nom, Prenom, Date_De_Naissance, Nationnalite) VALUES (78, 'Gauthier', 'Éric',STR_TO_DATE('03/05/1977', '%d/%m/%Y'), 'Suédois');
INSERT IGNORE INTO Participants (Id_Participant, Nom, Prenom, Date_De_Naissance, Nationnalite) VALUES (79, 'Roy', 'Marie-Chantale',STR_TO_DATE('08/09/1992', '%d/%m/%Y'), 'Nigériane');
INSERT IGNORE INTO Participants (Id_Participant, Nom, Prenom, Date_De_Naissance, Nationnalite) VALUES (80, 'Fortin', 'Stéphane',STR_TO_DATE('11/02/1976', '%d/%m/%Y'), 'Néerlandais');
INSERT IGNORE INTO Participants (Id_Participant, Nom, Prenom, Date_De_Naissance, Nationnalite) VALUES (81, 'Pelletier', 'Josée',STR_TO_DATE('26/06/1991', '%d/%m/%Y'), 'Belge');
INSERT IGNORE INTO Participants (Id_Participant, Nom, Prenom, Date_De_Naissance, Nationnalite) VALUES (82, 'Caron', 'Martin',STR_TO_DATE('02/11/1985', '%d/%m/%Y'), 'Sud-Africaine');
INSERT IGNORE INTO Participants (Id_Participant, Nom, Prenom, Date_De_Naissance, Nationnalite) VALUES (83, 'Gagnon', 'Suzanne',STR_TO_DATE('05/04/1980', '%d/%m/%Y'), 'Indonésienne');
INSERT IGNORE INTO Participants (Id_Participant, Nom, Prenom, Date_De_Naissance, Nationnalite) VALUES (84, 'Bergeron', 'Simon',STR_TO_DATE('18/08/1995', '%d/%m/%Y'), 'Néo-zélandaise');
INSERT IGNORE INTO Participants (Id_Participant, Nom, Prenom, Date_De_Naissance, Nationnalite) VALUES (85, 'Leblanc', 'Julie',STR_TO_DATE('23/12/1979', '%d/%m/%Y'), 'Turque');
INSERT IGNORE INTO Participants (Id_Participant, Nom, Prenom, Date_De_Naissance, Nationnalite) VALUES (86, 'Girard', 'Patrick',STR_TO_DATE('30/05/1994', '%d/%m/%Y'), 'Vénézuélienne');
INSERT IGNORE INTO Participants (Id_Participant, Nom, Prenom, Date_De_Naissance, Nationnalite) VALUES (87, 'Lavoie', 'Catherine',STR_TO_DATE('15/10/1980', '%d/%m/%Y'), 'Polonaise');
INSERT IGNORE INTO Participants (Id_Participant, Nom, Prenom, Date_De_Naissance, Nationnalite) VALUES (88, 'Morin', 'David',STR_TO_DATE('20/03/1977', '%d/%m/%Y'), 'Suissesse');
INSERT IGNORE INTO Participants (Id_Participant, Nom, Prenom, Date_De_Naissance, Nationnalite) VALUES (89, 'Levesque', 'Isabelle',STR_TO_DATE('03/09/1992', '%d/%m/%Y'), 'Grecque');
INSERT IGNORE INTO Participants (Id_Participant, Nom, Prenom, Date_De_Naissance, Nationnalite) VALUES (90, 'Bélanger', 'Jean-Sébastien',STR_TO_DATE('10/01/1976', '%d/%m/%Y'), 'Irlandaise');
INSERT IGNORE INTO Participants (Id_Participant, Nom, Prenom, Date_De_Naissance, Nationnalite) VALUES (91, 'Gauthier', 'Pierre',STR_TO_DATE('13/02/1986', '%d/%m/%Y'), 'Française');
INSERT IGNORE INTO Participants (Id_Participant, Nom, Prenom, Date_De_Naissance, Nationnalite) VALUES (92, 'Roy', 'Christine',STR_TO_DATE('28/06/1979', '%d/%m/%Y'), 'Française');
INSERT IGNORE INTO Participants (Id_Participant, Nom, Prenom, Date_De_Naissance, Nationnalite) VALUES (93, 'Morin', 'Luc',STR_TO_DATE('15/11/1984', '%d/%m/%Y'), 'Française');
INSERT IGNORE INTO Participants (Id_Participant, Nom, Prenom, Date_De_Naissance, Nationnalite) VALUES (94, 'Levesque', 'Sophie',STR_TO_DATE('28/03/1990', '%d/%m/%Y'), 'Française');
INSERT IGNORE INTO Participants (Id_Participant, Nom, Prenom, Date_De_Naissance, Nationnalite) VALUES (95, 'Bélanger', 'Éric',STR_TO_DATE('07/08/1976', '%d/%m/%Y'), 'Française');
INSERT IGNORE INTO Participants (Id_Participant, Nom, Prenom, Date_De_Naissance, Nationnalite) VALUES (96, 'Gauthier', 'Catherine',STR_TO_DATE('16/12/1991', '%d/%m/%Y'), 'Française');
INSERT IGNORE INTO Participants (Id_Participant, Nom, Prenom, Date_De_Naissance, Nationnalite) VALUES (97, 'Roy', 'Jean',STR_TO_DATE('23/05/1985', '%d/%m/%Y'), 'Française');
INSERT IGNORE INTO Participants (Id_Participant, Nom, Prenom, Date_De_Naissance, Nationnalite) VALUES (98, 'Fortin', 'Nathalie',STR_TO_DATE('10/10/1980', '%d/%m/%Y'), 'Française');
INSERT IGNORE INTO Participants (Id_Participant, Nom, Prenom, Date_De_Naissance, Nationnalite) VALUES (99, 'Pelletier', 'Maxime',STR_TO_DATE('19/04/1996', '%d/%m/%Y'), 'Française');
INSERT IGNORE INTO Participants (Id_Participant, Nom, Prenom, Date_De_Naissance, Nationnalite) VALUES (100, 'Caron', 'Sophie',STR_TO_DATE('08/09/1981', '%d/%m/%Y'), 'Française');


-- Insérer 30 entraîneurs
INSERT IGNORE INTO Entraineurs (Num_Entraineur, Diplome, Id_Participant) VALUES (1, 'Licence STAPS', 1);
INSERT IGNORE INTO Entraineurs (Num_Entraineur, Diplome, Id_Participant) VALUES (2, 'Maîtrise en Sciences du Sport', 2);
INSERT IGNORE INTO Entraineurs (Num_Entraineur, Diplome, Id_Participant) VALUES (3, 'Maîtrise en Sciences du Sport', 3);
INSERT IGNORE INTO Entraineurs (Num_Entraineur, Diplome, Id_Participant) VALUES (4, 'Doctorat en Sciences du Sport', 4);
INSERT IGNORE INTO Entraineurs (Num_Entraineur, Diplome, Id_Participant) VALUES (5, 'Licence STAPS', 5);
INSERT IGNORE INTO Entraineurs (Num_Entraineur, Diplome, Id_Participant) VALUES (6, 'Maîtrise en Sciences du Sport', 6);
INSERT IGNORE INTO Entraineurs (Num_Entraineur, Diplome, Id_Participant) VALUES (7, 'DEUG STAPS', 7);
INSERT IGNORE INTO Entraineurs (Num_Entraineur, Diplome, Id_Participant) VALUES (8, 'Master en Entraînement Sportif', 8);
INSERT IGNORE INTO Entraineurs (Num_Entraineur, Diplome, Id_Participant) VALUES (9, 'Licence STAPS', 9);
INSERT IGNORE INTO Entraineurs (Num_Entraineur, Diplome, Id_Participant) VALUES (10, 'DEUG STAPS', 10);
INSERT IGNORE INTO Entraineurs (Num_Entraineur, Diplome, Id_Participant) VALUES (11, 'DEUG STAPS', 11);
INSERT IGNORE INTO Entraineurs (Num_Entraineur, Diplome, Id_Participant) VALUES (12, 'Maîtrise en Sciences du Sport', 12);
INSERT IGNORE INTO Entraineurs (Num_Entraineur, Diplome, Id_Participant) VALUES (13, 'Licence STAPS', 13);
INSERT IGNORE INTO Entraineurs (Num_Entraineur, Diplome, Id_Participant) VALUES (14, 'Brevet dÉtat déducateur sportif', 14);
INSERT IGNORE INTO Entraineurs (Num_Entraineur, Diplome, Id_Participant) VALUES (15, 'DEUG STAPS', 15);
INSERT IGNORE INTO Entraineurs (Num_Entraineur, Diplome, Id_Participant) VALUES (16, 'Maîtrise en Sciences du Sport', 16);
INSERT IGNORE INTO Entraineurs (Num_Entraineur, Diplome, Id_Participant) VALUES (17, 'Licence STAPS', 17);
INSERT IGNORE INTO Entraineurs (Num_Entraineur, Diplome, Id_Participant) VALUES (18, 'Master en Entraînement Sportif', 18);
INSERT IGNORE INTO Entraineurs (Num_Entraineur, Diplome, Id_Participant) VALUES (19, 'Master en Entraînement Sportif', 19);
INSERT IGNORE INTO Entraineurs (Num_Entraineur, Diplome, Id_Participant) VALUES (20, 'Licence STAPS', 20);
INSERT IGNORE INTO Entraineurs (Num_Entraineur, Diplome, Id_Participant) VALUES (21, 'Master en Entraînement Sportif', 21);
INSERT IGNORE INTO Entraineurs (Num_Entraineur, Diplome, Id_Participant) VALUES (22, 'Master en Entraînement Sportif', 22);
INSERT IGNORE INTO Entraineurs (Num_Entraineur, Diplome, Id_Participant) VALUES (23, 'Licence STAPS', 23);
INSERT IGNORE INTO Entraineurs (Num_Entraineur, Diplome, Id_Participant) VALUES (24, 'Brevet dÉtat déducateur sportif', 24);
INSERT IGNORE INTO Entraineurs (Num_Entraineur, Diplome, Id_Participant) VALUES (25, 'Maîtrise en Sciences du Sport', 25);
INSERT IGNORE INTO Entraineurs (Num_Entraineur, Diplome, Id_Participant) VALUES (26, 'Brevet dÉtat déducateur sportif', 26);
INSERT IGNORE INTO Entraineurs (Num_Entraineur, Diplome, Id_Participant) VALUES (27, 'Maîtrise en Sciences du Sport', 27);
INSERT IGNORE INTO Entraineurs (Num_Entraineur, Diplome, Id_Participant) VALUES (28, 'Brevet dÉtat déducateur sportif', 28);
INSERT IGNORE INTO Entraineurs (Num_Entraineur, Diplome, Id_Participant) VALUES (29, 'Brevet dÉtat déducateur sportif', 29);
INSERT IGNORE INTO Entraineurs (Num_Entraineur, Diplome, Id_Participant) VALUES (30, 'Maîtrise en Sciences du Sport', 30);

-- Insérer 15 membres de comité
INSERT IGNORE INTO Membres_De_Comite (Num_Membres_Comite, Mot_De_Passe, Id_Participant) VALUES (1, 'Motdepasse31', 31);
INSERT IGNORE INTO Membres_De_Comite (Num_Membres_Comite, Mot_De_Passe, Id_Participant) VALUES (2, 'Motdepasse32', 32);
INSERT IGNORE INTO Membres_De_Comite (Num_Membres_Comite, Mot_De_Passe, Id_Participant) VALUES (3, 'Motdepasse33', 33);
INSERT IGNORE INTO Membres_De_Comite (Num_Membres_Comite, Mot_De_Passe, Id_Participant) VALUES (4, 'Motdepasse34', 34);
INSERT IGNORE INTO Membres_De_Comite (Num_Membres_Comite, Mot_De_Passe, Id_Participant) VALUES (5, 'Motdepasse35', 35);
INSERT IGNORE INTO Membres_De_Comite (Num_Membres_Comite, Mot_De_Passe, Id_Participant) VALUES (6, 'Motdepasse36', 36);
INSERT IGNORE INTO Membres_De_Comite (Num_Membres_Comite, Mot_De_Passe, Id_Participant) VALUES (7, 'Motdepasse37', 37);
INSERT IGNORE INTO Membres_De_Comite (Num_Membres_Comite, Mot_De_Passe, Id_Participant) VALUES (8, 'Motdepasse38', 38);
INSERT IGNORE INTO Membres_De_Comite (Num_Membres_Comite, Mot_De_Passe, Id_Participant) VALUES (9, 'Motdepasse39', 39);
INSERT IGNORE INTO Membres_De_Comite (Num_Membres_Comite, Mot_De_Passe, Id_Participant) VALUES (10, 'Motdepasse40', 40);
INSERT IGNORE INTO Membres_De_Comite (Num_Membres_Comite, Mot_De_Passe, Id_Participant) VALUES (11, 'Motdepasse41', 41);
INSERT IGNORE INTO Membres_De_Comite (Num_Membres_Comite, Mot_De_Passe, Id_Participant) VALUES (12, 'Motdepasse42', 42);
INSERT IGNORE INTO Membres_De_Comite (Num_Membres_Comite, Mot_De_Passe, Id_Participant) VALUES (13, 'Motdepasse43', 43);
INSERT IGNORE INTO Membres_De_Comite (Num_Membres_Comite, Mot_De_Passe, Id_Participant) VALUES (14, 'Motdepasse44', 44);
INSERT IGNORE INTO Membres_De_Comite (Num_Membres_Comite, Mot_De_Passe, Id_Participant) VALUES (15, 'Motdepasse45', 45);

-- Insérer 25 athlètes
INSERT IGNORE INTO Athletes (Num_Athlete, Poids, Taille, Num_Entraineur, id_participant) VALUES (1, 80.5, 170.2, 1, 46);
INSERT IGNORE INTO Athletes (Num_Athlete, Poids, Taille, Num_Entraineur, id_participant) VALUES (2, 75.2, 165.5, 2, 47);
INSERT IGNORE INTO Athletes (Num_Athlete, Poids, Taille, Num_Entraineur, id_participant) VALUES (3, 90.3, 180.1, 3, 48);
INSERT IGNORE INTO Athletes (Num_Athlete, Poids, Taille, Num_Entraineur, id_participant) VALUES (4, 70.8, 160.3, 4, 49);
INSERT IGNORE INTO Athletes (Num_Athlete, Poids, Taille, Num_Entraineur, id_participant) VALUES (5, 85.0, 175.8, 5, 50);
INSERT IGNORE INTO Athletes (Num_Athlete, Poids, Taille, Num_Entraineur, id_participant) VALUES (6, 78.9, 168.7, 6, 51);
INSERT IGNORE INTO Athletes (Num_Athlete, Poids, Taille, Num_Entraineur, id_participant) VALUES (7, 82.1, 172.3, 7, 52);
INSERT IGNORE INTO Athletes (Num_Athlete, Poids, Taille, Num_Entraineur, id_participant) VALUES (8, 76.5, 166.0, 8, 53);
INSERT IGNORE INTO Athletes (Num_Athlete, Poids, Taille, Num_Entraineur, id_participant) VALUES (9, 88.2, 178.5, 9, 54);
INSERT IGNORE INTO Athletes (Num_Athlete, Poids, Taille, Num_Entraineur, id_participant) VALUES (10, 72.3, 162.1, 10, 55);
INSERT IGNORE INTO Athletes (Num_Athlete, Poids, Taille, Num_Entraineur, id_participant) VALUES (11, 84.7, 174.0, 11, 56);
INSERT IGNORE INTO Athletes (Num_Athlete, Poids, Taille, Num_Entraineur, id_participant) VALUES (12, 79.6, 169.3, 12, 57);
INSERT IGNORE INTO Athletes (Num_Athlete, Poids, Taille, Num_Entraineur, id_participant) VALUES (13, 81.4, 171.7, 13, 58);
INSERT IGNORE INTO Athletes (Num_Athlete, Poids, Taille, Num_Entraineur, id_participant) VALUES (14, 77.1, 167.5, 14, 59);
INSERT IGNORE INTO Athletes (Num_Athlete, Poids, Taille, Num_Entraineur, id_participant) VALUES (15, 86.5, 176.5, 15, 60);
INSERT IGNORE INTO Athletes (Num_Athlete, Poids, Taille, Num_Entraineur, id_participant) VALUES (16, 74.8, 164.8, 16, 61);
INSERT IGNORE INTO Athletes (Num_Athlete, Poids, Taille, Num_Entraineur, id_participant) VALUES (17, 83.0, 173.2, 17, 62);
INSERT IGNORE INTO Athletes (Num_Athlete, Poids, Taille, Num_Entraineur, id_participant) VALUES (18, 80.0, 170.0, 18, 63);
INSERT IGNORE INTO Athletes (Num_Athlete, Poids, Taille, Num_Entraineur, id_participant) VALUES (19, 89.6, 179.3, 19, 64);
INSERT IGNORE INTO Athletes (Num_Athlete, Poids, Taille, Num_Entraineur, id_participant) VALUES (20, 71.5, 163.7, 20, 65);
INSERT IGNORE INTO Athletes (Num_Athlete, Poids, Taille, Num_Entraineur, id_participant) VALUES (21, 87.3, 177.1, 21, 66);
INSERT IGNORE INTO Athletes (Num_Athlete, Poids, Taille, Num_Entraineur, id_participant) VALUES (22, 75.9, 166.8, 22, 67);
INSERT IGNORE INTO Athletes (Num_Athlete, Poids, Taille, Num_Entraineur, id_participant) VALUES (23, 82.5, 172.7, 23, 68);
INSERT IGNORE INTO Athletes (Num_Athlete, Poids, Taille, Num_Entraineur, id_participant) VALUES (24, 78.0, 168.0, 24, 69);
INSERT IGNORE INTO Athletes (Num_Athlete, Poids, Taille, Num_Entraineur, id_participant) VALUES (25, 85.3, 175.0, 25, 70);

-- Insérer les villes en France 
INSERT IGNORE INTO Ville (Num_Ville, Nom_Ville) VALUES (1, 'Paris');
INSERT IGNORE INTO Ville (Num_Ville, Nom_Ville) VALUES (2, 'Marseille');
INSERT IGNORE INTO Ville (Num_Ville, Nom_Ville) VALUES (3, 'Lyon');
INSERT IGNORE INTO Ville (Num_Ville, Nom_Ville) VALUES (4, 'Toulouse');
INSERT IGNORE INTO Ville (Num_Ville, Nom_Ville) VALUES (5, 'Nice');
INSERT IGNORE INTO Ville (Num_Ville, Nom_Ville) VALUES (6, 'Nantes');
INSERT IGNORE INTO Ville (Num_Ville, Nom_Ville) VALUES (7, 'Strasbourg');
INSERT IGNORE INTO Ville (Num_Ville, Nom_Ville) VALUES (8, 'Montpellier');
INSERT IGNORE INTO Ville (Num_Ville, Nom_Ville) VALUES (9, 'Bordeaux');
INSERT IGNORE INTO Ville (Num_Ville, Nom_Ville) VALUES (10, 'Lille');

-- Insérer 30 membres du personnel
INSERT IGNORE INTO Personnels (Num_Personnel, Fonction, Id_Participant, Num_Ville) VALUES (1, 'Agent de sécurité', 71, 1);
INSERT IGNORE INTO Personnels (Num_Personnel, Fonction, Id_Participant, Num_Ville) VALUES (2, 'Agent de sécurité', 72, 2);
INSERT IGNORE INTO Personnels (Num_Personnel, Fonction, Id_Participant, Num_Ville) VALUES (3, 'Agent de sécurité', 73, 3);
INSERT IGNORE INTO Personnels (Num_Personnel, Fonction, Id_Participant, Num_Ville) VALUES (4, 'Agent de sécurité', 74, 4);
INSERT IGNORE INTO Personnels (Num_Personnel, Fonction, Id_Participant, Num_Ville) VALUES (5, 'Agent de sécurité', 75, 5);
INSERT IGNORE INTO Personnels (Num_Personnel, Fonction, Id_Participant, Num_Ville) VALUES (6, 'Responsable logistique', 76, 6);
INSERT IGNORE INTO Personnels (Num_Personnel, Fonction, Id_Participant, Num_Ville) VALUES (7, 'Responsable logistique', 77, 7);
INSERT IGNORE INTO Personnels (Num_Personnel, Fonction, Id_Participant, Num_Ville) VALUES (8, 'oordinateur événementiel', 78, 8);
INSERT IGNORE INTO Personnels (Num_Personnel, Fonction, Id_Participant, Num_Ville) VALUES (9, 'oordinateur événementiel', 79, 9);
INSERT IGNORE INTO Personnels (Num_Personnel, Fonction, Id_Participant, Num_Ville) VALUES (10, 'oordinateur événementiel', 80, 10);
INSERT IGNORE INTO Personnels (Num_Personnel, Fonction, Id_Participant, Num_Ville) VALUES (11, 'oordinateur événementiel', 81, 1);
INSERT IGNORE INTO Personnels (Num_Personnel, Fonction, Id_Participant, Num_Ville) VALUES (12, 'oordinateur événementiel', 82, 2);
INSERT IGNORE INTO Personnels (Num_Personnel, Fonction, Id_Participant, Num_Ville) VALUES (13, 'Technicien audiovisuel', 83, 5);
INSERT IGNORE INTO Personnels (Num_Personnel, Fonction, Id_Participant, Num_Ville) VALUES (14, 'Technicien audiovisuel', 84, 1);
INSERT IGNORE INTO Personnels (Num_Personnel, Fonction, Id_Participant, Num_Ville) VALUES (15, 'Technicien audiovisuel', 85, 5);
INSERT IGNORE INTO Personnels (Num_Personnel, Fonction, Id_Participant, Num_Ville) VALUES (16, 'Photographe officiel', 86, 6);
INSERT IGNORE INTO Personnels (Num_Personnel, Fonction, Id_Participant, Num_Ville) VALUES (17, 'Photographe officiel', 87, 7);
INSERT IGNORE INTO Personnels (Num_Personnel, Fonction, Id_Participant, Num_Ville) VALUES (18, 'Infirmière', 88, 8);
INSERT IGNORE INTO Personnels (Num_Personnel, Fonction, Id_Participant, Num_Ville) VALUES (19, 'Infirmière', 89, 9);
INSERT IGNORE INTO Personnels (Num_Personnel, Fonction, Id_Participant, Num_Ville) VALUES (20, 'Arbitre', 90, 1);
INSERT IGNORE INTO Personnels (Num_Personnel, Fonction, Id_Participant, Num_Ville) VALUES (21, 'Arbitre', 91, 1);
INSERT IGNORE INTO Personnels (Num_Personnel, Fonction, Id_Participant, Num_Ville) VALUES (22, 'Arbitre', 92, 2);
INSERT IGNORE INTO Personnels (Num_Personnel, Fonction, Id_Participant, Num_Ville) VALUES (23, 'Arbitre', 93, 2);
INSERT IGNORE INTO Personnels (Num_Personnel, Fonction, Id_Participant, Num_Ville) VALUES (24, 'Arbitre', 94, 3);
INSERT IGNORE INTO Personnels (Num_Personnel, Fonction, Id_Participant, Num_Ville) VALUES (25, 'Arbitre', 95, 3);
INSERT IGNORE INTO Personnels (Num_Personnel, Fonction, Id_Participant, Num_Ville) VALUES (26, 'Arbitre', 96, 1);
INSERT IGNORE INTO Personnels (Num_Personnel, Fonction, Id_Participant, Num_Ville) VALUES (27, 'Arbitre', 97, 1);
INSERT IGNORE INTO Personnels (Num_Personnel, Fonction, Id_Participant, Num_Ville) VALUES (28, 'Arbitre', 98, 2);
INSERT IGNORE INTO Personnels (Num_Personnel, Fonction, Id_Participant, Num_Ville) VALUES (29, 'Arbitre', 99, 3);
INSERT IGNORE INTO Personnels (Num_Personnel, Fonction, Id_Participant, Num_Ville) VALUES (30, 'Technicien audiovisuel', 100, 3);

-- Insérer cinq catégories
INSERT IGNORE INTO Categories (Num_Categorie, Nom_Categorie, Genre) VALUES (1, 'natation', 'mixte');
INSERT IGNORE INTO Categories (Num_Categorie, Nom_Categorie, Genre) VALUES (2, 'Sports collectifs','masculin');
INSERT IGNORE INTO Categories (Num_Categorie, Nom_Categorie, Genre) VALUES (3, 'Sports collectifs','féminin');
INSERT IGNORE INTO Categories (Num_Categorie, Nom_Categorie, Genre) VALUES (4, 'Sports de combat','masculin');
INSERT IGNORE INTO Categories (Num_Categorie, Nom_Categorie, Genre) VALUES (5, 'Sports de combat','féminin');

-- Insérer des disciplines
INSERT IGNORE INTO Disciplines (Num_Disciplines, Nom_Discipline, Num_Categorie) VALUES (1, '100m papillon', 1);
INSERT IGNORE INTO Disciplines (Num_Disciplines, Nom_Discipline, Num_Categorie) VALUES (2, 'natation synchronisée', 1);

INSERT IGNORE INTO Disciplines (Num_Disciplines, Nom_Discipline, Num_Categorie) VALUES (3, 'Football', 2);
INSERT IGNORE INTO Disciplines (Num_Disciplines, Nom_Discipline, Num_Categorie) VALUES (4, 'Basketball', 2);

INSERT IGNORE INTO Disciplines (Num_Disciplines, Nom_Discipline, Num_Categorie) VALUES (5, 'Football', 3);
INSERT IGNORE INTO Disciplines (Num_Disciplines, Nom_Discipline, Num_Categorie) VALUES (6, 'Basketball', 3);

INSERT IGNORE INTO Disciplines (Num_Disciplines, Nom_Discipline, Num_Categorie) VALUES (7, 'Karate-Do', 4);
INSERT IGNORE INTO Disciplines (Num_Disciplines, Nom_Discipline, Num_Categorie) VALUES (8, 'judo', 4);
INSERT IGNORE INTO Disciplines (Num_Disciplines, Nom_Discipline, Num_Categorie) VALUES (9, 'Boxe', 4);

INSERT IGNORE INTO Disciplines (Num_Disciplines, Nom_Discipline, Num_Categorie) VALUES (10, 'Karate-Do', 5);
INSERT IGNORE INTO Disciplines (Num_Disciplines, Nom_Discipline, Num_Categorie) VALUES (11, 'judo', 5);

-- inserer les dates 
INSERT IGNORE INTO Date_ (Date_) VALUES ( STR_TO_DATE('10/05/2024','%d/%m/%Y'));
INSERT IGNORE INTO Date_ (Date_) VALUES ( STR_TO_DATE('11/05/2024','%d/%m/%Y'));
INSERT IGNORE INTO Date_ (Date_) VALUES ( STR_TO_DATE('12/05/2024','%d/%m/%Y'));

-- Insérer les compétitions
INSERT IGNORE INTO Competitions (Num_Competition, Horaire, Avancement, Num_Disciplines, Date_, Num_Ville) VALUES (1, '09:00:00', 'Qualification', 5, STR_TO_DATE('10/05/2024','%d/%m/%Y'), 1);
INSERT IGNORE INTO Competitions (Num_Competition, Horaire, Avancement, Num_Disciplines, Date_, Num_Ville) VALUES (2, '13:00:00', 'Demi-finale', 3, STR_TO_DATE('11/05/2024','%d/%m/%Y'), 2);
INSERT IGNORE INTO Competitions (Num_Competition, Horaire, Avancement, Num_Disciplines, Date_, Num_Ville) VALUES (3, '17:00:00', 'Finale', 2, STR_TO_DATE('12/05/2024','%d/%m/%Y'), 3);

-- Insérer 10 arbitre
INSERT IGNORE INTO Arbitres (Num_Arbitre, Num_Personnel, Num_Competition, Num_Ville) VALUES (1, 20, 1, 1);
INSERT IGNORE INTO Arbitres (Num_Arbitre, Num_Personnel, Num_Competition, Num_Ville) VALUES (2, 21, 1, 1);
INSERT IGNORE INTO Arbitres (Num_Arbitre, Num_Personnel, Num_Competition, Num_Ville) VALUES (3, 22, 2, 2);
INSERT IGNORE INTO Arbitres (Num_Arbitre, Num_Personnel, Num_Competition, Num_Ville) VALUES (4, 23, 2, 2);
INSERT IGNORE INTO Arbitres (Num_Arbitre, Num_Personnel, Num_Competition, Num_Ville) VALUES (5, 24, 3, 3);
INSERT IGNORE INTO Arbitres (Num_Arbitre, Num_Personnel, Num_Competition, Num_Ville) VALUES (6, 25, 3, 3);
INSERT IGNORE INTO Arbitres (Num_Arbitre, Num_Personnel, Num_Competition, Num_Ville) VALUES (7, 26, 1, 1);
INSERT IGNORE INTO Arbitres (Num_Arbitre, Num_Personnel, Num_Competition, Num_Ville) VALUES (8, 27, 1, 1);
INSERT IGNORE INTO Arbitres (Num_Arbitre, Num_Personnel, Num_Competition, Num_Ville) VALUES (9, 28, 2, 2);
INSERT IGNORE INTO Arbitres (Num_Arbitre, Num_Personnel, Num_Competition, Num_Ville) VALUES (10, 29, 3, 3);

-- Inserer 5 equipe dans la table equipe
INSERT IGNORE INTO Equipes (Num_Equipe, Nom_Equipe, Num_Entraineur) VALUES (1, 'Equipe A', 26);
INSERT IGNORE INTO Equipes (Num_Equipe, Nom_Equipe, Num_Entraineur) VALUES (2, 'Equipe B', 27);
INSERT IGNORE INTO Equipes (Num_Equipe, Nom_Equipe, Num_Entraineur) VALUES (3, 'Equipe C', 28);
INSERT IGNORE INTO Equipes (Num_Equipe, Nom_Equipe, Num_Entraineur) VALUES (4, 'Equipe D', 29);
INSERT IGNORE INTO Equipes (Num_Equipe, Nom_Equipe, Num_Entraineur) VALUES (5, 'Equipe E', 30); 

-- Inserer dans Pratiquer_ind
INSERT IGNORE INTO Pratiquer_Ind (Num_Athlete, Num_Disciplines) VALUES (1, 1);
INSERT IGNORE INTO Pratiquer_Ind (Num_Athlete, Num_Disciplines) VALUES (2, 2);
INSERT IGNORE INTO Pratiquer_Ind (Num_Athlete, Num_Disciplines) VALUES (3, 3);

-- Inserer dans Pratiquer_equipe 
INSERT IGNORE INTO Pratiquer_Equipe (Num_Disciplines, Num_Equipe) VALUES (1, 2);
INSERT IGNORE INTO Pratiquer_Equipe (Num_Disciplines, Num_Equipe) VALUES (2, 3);
INSERT IGNORE INTO Pratiquer_Equipe (Num_Disciplines, Num_Equipe) VALUES (3, 5);

-- Inserer dans Inscrire_individuel
INSERT IGNORE INTO Inscrire_Individuel (Num_Athlete, Num_Competition) VALUES (1, 1);
INSERT IGNORE INTO Inscrire_Individuel (Num_Athlete, Num_Competition) VALUES (2, 2);
INSERT IGNORE INTO Inscrire_Individuel (Num_Athlete, Num_Competition) VALUES (3, 3);

-- Inserer dans Inscrire_equipe
INSERT IGNORE INTO Inscrire_Equipe (Num_Competition, Num_Equipe) VALUES (1, 3);
INSERT IGNORE INTO Inscrire_Equipe (Num_Competition, Num_Equipe) VALUES (2, 1);
INSERT IGNORE INTO Inscrire_Equipe (Num_Competition, Num_Equipe) VALUES (3, 4);

-- Inserer spesialite arbitre 
INSERT IGNORE INTO Specialiser (Num_Categorie, Num_Arbitre) VALUES (1, 1);
INSERT IGNORE INTO Specialiser (Num_Categorie, Num_Arbitre) VALUES (2, 2);
INSERT IGNORE INTO Specialiser (Num_Categorie, Num_Arbitre) VALUES (3, 3);

-- Inserer des resultal au palmares equipe
INSERT IGNORE INTO Palmares_Equipe (Num_Palmares_E, Type_Medaille, Meilleurs_Resultat, Num_Disciplines, Date_, Num_Equipe) VALUES (1, 'Or', 'First Place', 1, STR_TO_DATE('10/05/2024','%d/%m/%Y'),2);
INSERT IGNORE INTO Palmares_Equipe (Num_Palmares_E, Type_Medaille, Meilleurs_Resultat, Num_Disciplines, Date_, Num_Equipe) VALUES (2, 'Argent', 'Second Place', 2, STR_TO_DATE('11/05/2024','%d/%m/%Y'),3);
INSERT IGNORE INTO Palmares_Equipe (Num_Palmares_E, Type_Medaille, Meilleurs_Resultat, Num_Disciplines, Date_, Num_Equipe) VALUES (3, 'Bronze', 'Third Place', 3, STR_TO_DATE('12/05/2024','%d/%m/%Y'),5);

-- Inserer des resultal au palmares individuel
INSERT IGNORE INTO Palmares_Individuel (Num_Palmares_I, Type_Medaille, Meilleurs_Resultat, Num_Athlete, Num_Disciplines, Date_) VALUES (1, 'Or', 'First Place', 1, 1, STR_TO_DATE('10/05/2024','%d/%m/%Y'));
INSERT IGNORE INTO Palmares_Individuel (Num_Palmares_I, Type_Medaille, Meilleurs_Resultat, Num_Athlete, Num_Disciplines, Date_) VALUES (2, 'Argent', 'Second Place', 2, 2, STR_TO_DATE('11/05/2024','%d/%m/%Y'));
INSERT IGNORE INTO Palmares_Individuel (Num_Palmares_I, Type_Medaille, Meilleurs_Resultat, Num_Athlete, Num_Disciplines, Date_) VALUES (3, 'Bronze', 'Third Place', 3, 3, STR_TO_DATE('12/05/2024','%d/%m/%Y'));

-- Inserer des donnees dans Appartient_avec_remplacent
INSERT IGNORE INTO Appartient_avec_remplacent (Num_Athlete, Num_Athlete_1, Num_Equipe) VALUES (1, 2, 1);
INSERT IGNORE INTO Appartient_avec_remplacent (Num_Athlete, Num_Athlete_1, Num_Equipe) VALUES (3, 4, 2);
INSERT IGNORE INTO Appartient_avec_remplacent (Num_Athlete, Num_Athlete_1, Num_Equipe) VALUES (5, 6, 4);

-- inserer des chambres
INSERT IGNORE INTO Chambres (Num_Chambre, Num_Batiment, Nbr_Lits, Nbr_Place_Libre, Ville) VALUES (1, 1, 2, 2, 'Paris');
INSERT IGNORE INTO Chambres (Num_Chambre, Num_Batiment, Nbr_Lits, Nbr_Place_Libre, Ville) VALUES (2, 1, 3, 3, 'Paris');
INSERT IGNORE INTO Chambres (Num_Chambre, Num_Batiment, Nbr_Lits, Nbr_Place_Libre, Ville) VALUES (3, 2, 2, 2, 'Marseille');
INSERT IGNORE INTO Chambres (Num_Chambre, Num_Batiment, Nbr_Lits, Nbr_Place_Libre, Ville) VALUES (4, 2, 4, 4, 'Marseille');
INSERT IGNORE INTO Chambres (Num_Chambre, Num_Batiment, Nbr_Lits, Nbr_Place_Libre, Ville) VALUES (5, 3, 1, 1, 'Lyon');
INSERT IGNORE INTO Chambres (Num_Chambre, Num_Batiment, Nbr_Lits, Nbr_Place_Libre, Ville) VALUES (6, 3, 2, 2, 'Lyon');
INSERT IGNORE INTO Chambres (Num_Chambre, Num_Batiment, Nbr_Lits, Nbr_Place_Libre, Ville) VALUES (7, 4, 3, 3, 'Toulouse');
INSERT IGNORE INTO Chambres (Num_Chambre, Num_Batiment, Nbr_Lits, Nbr_Place_Libre, Ville) VALUES (8, 4, 2, 2, 'Toulouse');
INSERT IGNORE INTO Chambres (Num_Chambre, Num_Batiment, Nbr_Lits, Nbr_Place_Libre, Ville) VALUES (9, 5, 4, 4, 'Nice');
INSERT IGNORE INTO Chambres (Num_Chambre, Num_Batiment, Nbr_Lits, Nbr_Place_Libre, Ville) VALUES (10, 5, 2, 2, 'Nice');

-- reserver_pour_participants
INSERT IGNORE INTO Reserver_Pour_Participants (Id_Participant, Date_Entre, Date_Sortie, Num_Chambre) VALUES (1, STR_TO_DATE('09/05/2024','%d/%m/%Y'), STR_TO_DATE('15/05/2024','%d/%m/%Y'), 1);
INSERT IGNORE INTO Reserver_Pour_Participants (Id_Participant, Date_Entre, Date_Sortie, Num_Chambre) VALUES (2, STR_TO_DATE('10/05/2024','%d/%m/%Y'), STR_TO_DATE('16/05/2024','%d/%m/%Y'), 2);
INSERT IGNORE INTO Reserver_Pour_Participants (Id_Participant, Date_Entre, Date_Sortie, Num_Chambre) VALUES (3, STR_TO_DATE('11/05/2024','%d/%m/%Y'), STR_TO_DATE('17/05/2024','%d/%m/%Y'), 3);
